origin,dest,ridership,orig_lat,orig_lon,dest_lat,dest_lon
Bandar Tasek Selatan,Bandar Tasek Selatan,846,3.0761,101.7114,3.0761,101.7114
Bandar Tasek Selatan,Bangi,9008,3.0761,101.7114,2.9029,101.7867
Bandar Tasek Selatan,Bank Negara,220,3.0761,101.7114,3.1547,101.6931
Bandar Tasek Selatan,Batang Kali,214,3.0761,101.7114,3.4674,101.6394
Bandar Tasek Selatan,Batu Caves,6756,3.0761,101.7114,3.2379,101.6933
Bandar Tasek Selatan,Batu Kentonmen,72,3.0761,101.7114,3.1936,101.6803
Bandar Tasek Selatan,KL Sentral,8620,3.0761,101.7114,3.1344,101.6861
Bandar Tasek Selatan,Kajang,10192,3.0761,101.7114,2.9831,101.7903
Bandar Tasek Selatan,Kampung Batu,326,3.0761,101.7114,3.2025,101.6681
Bandar Tasek Selatan,Kepong Sentral,85,3.0761,101.7114,3.2014,101.6291
Bandar Tasek Selatan,Klang,555,3.0761,101.7114,3.0426,101.4496
Bandar Tasek Selatan,Kuala Lumpur,548,3.0761,101.7114,3.1397,101.6938
Bandar Tasek Selatan,Midvalley,14647,3.0761,101.7114,3.1189,101.6789
Bandar Tasek Selatan,Nilai,9334,3.0761,101.7114,2.8123,101.7901
Bandar Tasek Selatan,Padang Jawa,124,3.0761,101.7114,3.0487,101.4907
Bandar Tasek Selatan,Rawang,1146,3.0761,101.7114,3.3192,101.5746
Bandar Tasek Selatan,Serdang,4155,3.0761,101.7114,3.0236,101.7144
Bandar Tasek Selatan,Seremban,16632,3.0761,101.7114,2.7186,101.9394
Bandar Tasek Selatan,Shah Alam,311,3.0761,101.7114,3.0564,101.5278
Bandar Tasek Selatan,Subang Jaya,42,3.0761,101.7114,3.0822,101.5858
Bandar Tasek Selatan,Sungai Buloh,347,3.0761,101.7114,3.2064,101.5814
Bandar Tasek Selatan,Taman Wahyu,511,3.0761,101.7114,3.2144,101.6725
Bandar Tasek Selatan,Tanjong Malim,836,3.0761,101.7114,3.6828,101.5218
Bangi,Bandar Tasek Selatan,8238,2.9029,101.7867,3.0761,101.7114
Bangi,Bangi,159,2.9029,101.7867,2.9029,101.7867
Bangi,Bank Negara,2354,2.9029,101.7867,3.1547,101.6931
Bangi,Batang Kali,31,2.9029,101.7867,3.4674,101.6394
Bangi,Batu Caves,1086,2.9029,101.7867,3.2379,101.6933
Bangi,Batu Kentonmen,24,2.9029,101.7867,3.1936,101.6803
Bangi,KL Sentral,17477,2.9029,101.7867,3.1344,101.6861
Bangi,Kajang,24172,2.9029,101.7867,2.9831,101.7903
Bangi,Kampung Batu,97,2.9029,101.7867,3.2025,101.6681
Bangi,Kepong Sentral,9,2.9029,101.7867,3.2014,101.6291
Bangi,Klang,79,2.9029,101.7867,3.0426,101.4496
Bangi,Kuala Lumpur,1554,2.9029,101.7867,3.1397,101.6938
Bangi,Midvalley,5320,2.9029,101.7867,3.1189,101.6789
Bangi,Nilai,446,2.9029,101.7867,2.8123,101.7901
Bangi,Padang Jawa,30,2.9029,101.7867,3.0487,101.4907
Bangi,Rawang,130,2.9029,101.7867,3.3192,101.5746
Bangi,Serdang,605,2.9029,101.7867,3.0236,101.7144
Bangi,Seremban,1885,2.9029,101.7867,2.7186,101.9394
Bangi,Shah Alam,59,2.9029,101.7867,3.0564,101.5278
Bangi,Subang Jaya,4,2.9029,101.7867,3.0822,101.5858
Bangi,Sungai Buloh,48,2.9029,101.7867,3.2064,101.5814
Bangi,Taman Wahyu,227,2.9029,101.7867,3.2144,101.6725
Bangi,Tanjong Malim,106,2.9029,101.7867,3.6828,101.5218
Bank Negara,Bandar Tasek Selatan,228,3.1547,101.6931,3.0761,101.7114
Bank Negara,Bangi,2614,3.1547,101.6931,2.9029,101.7867
Bank Negara,Bank Negara,64,3.1547,101.6931,3.1547,101.6931
Bank Negara,Batang Kali,2920,3.1547,101.6931,3.4674,101.6394
Bank Negara,Batu Caves,21382,3.1547,101.6931,3.2379,101.6933
Bank Negara,Batu Kentonmen,443,3.1547,101.6931,3.1936,101.6803
Bank Negara,KL Sentral,5558,3.1547,101.6931,3.1344,101.6861
Bank Negara,Kajang,702,3.1547,101.6931,2.9831,101.7903
Bank Negara,Kampung Batu,777,3.1547,101.6931,3.2025,101.6681
Bank Negara,Kepong Sentral,1045,3.1547,101.6931,3.2014,101.6291
Bank Negara,Klang,859,3.1547,101.6931,3.0426,101.4496
Bank Negara,Kuala Lumpur,1446,3.1547,101.6931,3.1397,101.6938
Bank Negara,Midvalley,881,3.1547,101.6931,3.1189,101.6789
Bank Negara,Nilai,1604,3.1547,101.6931,2.8123,101.7901
Bank Negara,Padang Jawa,561,3.1547,101.6931,3.0487,101.4907
Bank Negara,Rawang,8417,3.1547,101.6931,3.3192,101.5746
Bank Negara,Serdang,413,3.1547,101.6931,3.0236,101.7144
Bank Negara,Seremban,2228,3.1547,101.6931,2.7186,101.9394
Bank Negara,Shah Alam,1242,3.1547,101.6931,3.0564,101.5278
Bank Negara,Subang Jaya,226,3.1547,101.6931,3.0822,101.5858
Bank Negara,Sungai Buloh,3005,3.1547,101.6931,3.2064,101.5814
Bank Negara,Taman Wahyu,1331,3.1547,101.6931,3.2144,101.6725
Bank Negara,Tanjong Malim,2959,3.1547,101.6931,3.6828,101.5218
Batang Kali,Bandar Tasek Selatan,209,3.4674,101.6394,3.0761,101.7114
Batang Kali,Bangi,22,3.4674,101.6394,2.9029,101.7867
Batang Kali,Bank Negara,3567,3.4674,101.6394,3.1547,101.6931
Batang Kali,Batang Kali,32,3.4674,101.6394,3.4674,101.6394
Batang Kali,Batu Caves,219,3.4674,101.6394,3.2379,101.6933
Batang Kali,Batu Kentonmen,1,3.4674,101.6394,3.1936,101.6803
Batang Kali,KL Sentral,13677,3.4674,101.6394,3.1344,101.6861
Batang Kali,Kajang,57,3.4674,101.6394,2.9831,101.7903
Batang Kali,Kampung Batu,4,3.4674,101.6394,3.2025,101.6681
Batang Kali,Kepong Sentral,740,3.4674,101.6394,3.2014,101.6291
Batang Kali,Klang,124,3.4674,101.6394,3.0426,101.4496
Batang Kali,Kuala Lumpur,3332,3.4674,101.6394,3.1397,101.6938
Batang Kali,Midvalley,168,3.4674,101.6394,3.1189,101.6789
Batang Kali,Nilai,65,3.4674,101.6394,2.8123,101.7901
Batang Kali,Padang Jawa,125,3.4674,101.6394,3.0487,101.4907
Batang Kali,Rawang,4355,3.4674,101.6394,3.3192,101.5746
Batang Kali,Serdang,43,3.4674,101.6394,3.0236,101.7144
Batang Kali,Seremban,125,3.4674,101.6394,2.7186,101.9394
Batang Kali,Shah Alam,202,3.4674,101.6394,3.0564,101.5278
Batang Kali,Subang Jaya,99,3.4674,101.6394,3.0822,101.5858
Batang Kali,Sungai Buloh,14998,3.4674,101.6394,3.2064,101.5814
Batang Kali,Taman Wahyu,13,3.4674,101.6394,3.2144,101.6725
Batang Kali,Tanjong Malim,1416,3.4674,101.6394,3.6828,101.5218
Batu Caves,Bandar Tasek Selatan,5102,3.2379,101.6933,3.0761,101.7114
Batu Caves,Bangi,1033,3.2379,101.6933,2.9029,101.7867
Batu Caves,Bank Negara,22531,3.2379,101.6933,3.1547,101.6931
Batu Caves,Batang Kali,158,3.2379,101.6933,3.4674,101.6394
Batu Caves,Batu Caves,103,3.2379,101.6933,3.2379,101.6933
Batu Caves,Batu Kentonmen,2294,3.2379,101.6933,3.1936,101.6803
Batu Caves,KL Sentral,132548,3.2379,101.6933,3.1344,101.6861
Batu Caves,Kajang,4601,3.2379,101.6933,2.9831,101.7903
Batu Caves,Kampung Batu,31315,3.2379,101.6933,3.2025,101.6681
Batu Caves,Kepong Sentral,96,3.2379,101.6933,3.2014,101.6291
Batu Caves,Klang,5332,3.2379,101.6933,3.0426,101.4496
Batu Caves,Kuala Lumpur,36511,3.2379,101.6933,3.1397,101.6938
Batu Caves,Midvalley,7035,3.2379,101.6933,3.1189,101.6789
Batu Caves,Nilai,3098,3.2379,101.6933,2.8123,101.7901
Batu Caves,Padang Jawa,282,3.2379,101.6933,3.0487,101.4907
Batu Caves,Rawang,968,3.2379,101.6933,3.3192,101.5746
Batu Caves,Serdang,2553,3.2379,101.6933,3.0236,101.7144
Batu Caves,Seremban,5661,3.2379,101.6933,2.7186,101.9394
Batu Caves,Shah Alam,1355,3.2379,101.6933,3.0564,101.5278
Batu Caves,Subang Jaya,901,3.2379,101.6933,3.0822,101.5858
Batu Caves,Sungai Buloh,543,3.2379,101.6933,3.2064,101.5814
Batu Caves,Taman Wahyu,4342,3.2379,101.6933,3.2144,101.6725
Batu Caves,Tanjong Malim,489,3.2379,101.6933,3.6828,101.5218
Batu Kentonmen,Bandar Tasek Selatan,60,3.1936,101.6803,3.0761,101.7114
Batu Kentonmen,Bangi,45,3.1936,101.6803,2.9029,101.7867
Batu Kentonmen,Bank Negara,286,3.1936,101.6803,3.1547,101.6931
Batu Kentonmen,Batang Kali,5,3.1936,101.6803,3.4674,101.6394
Batu Kentonmen,Batu Caves,2685,3.1936,101.6803,3.2379,101.6933
Batu Kentonmen,Batu Kentonmen,6,3.1936,101.6803,3.1936,101.6803
Batu Kentonmen,KL Sentral,1363,3.1936,101.6803,3.1344,101.6861
Batu Kentonmen,Kajang,18,3.1936,101.6803,2.9831,101.7903
Batu Kentonmen,Kampung Batu,157,3.1936,101.6803,3.2025,101.6681
Batu Kentonmen,Klang,44,3.1936,101.6803,3.0426,101.4496
Batu Kentonmen,Kuala Lumpur,600,3.1936,101.6803,3.1397,101.6938
Batu Kentonmen,Midvalley,798,3.1936,101.6803,3.1189,101.6789
Batu Kentonmen,Nilai,47,3.1936,101.6803,2.8123,101.7901
Batu Kentonmen,Padang Jawa,1,3.1936,101.6803,3.0487,101.4907
Batu Kentonmen,Rawang,4,3.1936,101.6803,3.3192,101.5746
Batu Kentonmen,Serdang,4,3.1936,101.6803,3.0236,101.7144
Batu Kentonmen,Seremban,184,3.1936,101.6803,2.7186,101.9394
Batu Kentonmen,Shah Alam,12,3.1936,101.6803,3.0564,101.5278
Batu Kentonmen,Subang Jaya,1,3.1936,101.6803,3.0822,101.5858
Batu Kentonmen,Sungai Buloh,7,3.1936,101.6803,3.2064,101.5814
Batu Kentonmen,Taman Wahyu,102,3.1936,101.6803,3.2144,101.6725
Batu Kentonmen,Tanjong Malim,9,3.1936,101.6803,3.6828,101.5218
KL Sentral,Bandar Tasek Selatan,10654,3.1344,101.6861,3.0761,101.7114
KL Sentral,Bangi,17197,3.1344,101.6861,2.9029,101.7867
KL Sentral,Bank Negara,5523,3.1344,101.6861,3.1547,101.6931
KL Sentral,Batang Kali,14758,3.1344,101.6861,3.4674,101.6394
KL Sentral,Batu Caves,129461,3.1344,101.6861,3.2379,101.6933
KL Sentral,Batu Kentonmen,1750,3.1344,101.6861,3.1936,101.6803
KL Sentral,KL Sentral,1550,3.1344,101.6861,3.1344,101.6861
KL Sentral,Kajang,5781,3.1344,101.6861,2.9831,101.7903
KL Sentral,Kampung Batu,7299,3.1344,101.6861,3.2025,101.6681
KL Sentral,Kepong Sentral,13002,3.1344,101.6861,3.2014,101.6291
KL Sentral,Klang,25788,3.1344,101.6861,3.0426,101.4496
KL Sentral,Kuala Lumpur,4998,3.1344,101.6861,3.1397,101.6938
KL Sentral,Midvalley,15374,3.1344,101.6861,3.1189,101.6789
KL Sentral,Nilai,21783,3.1344,101.6861,2.8123,101.7901
KL Sentral,Padang Jawa,8918,3.1344,101.6861,3.0487,101.4907
KL Sentral,Rawang,50522,3.1344,101.6861,3.3192,101.5746
KL Sentral,Serdang,10206,3.1344,101.6861,3.0236,101.7144
KL Sentral,Seremban,49930,3.1344,101.6861,2.7186,101.9394
KL Sentral,Shah Alam,18482,3.1344,101.6861,3.0564,101.5278
KL Sentral,Subang Jaya,1651,3.1344,101.6861,3.0822,101.5858
KL Sentral,Sungai Buloh,7162,3.1344,101.6861,3.2064,101.5814
KL Sentral,Taman Wahyu,11709,3.1344,101.6861,3.2144,101.6725
KL Sentral,Tanjong Malim,52416,3.1344,101.6861,3.6828,101.5218
Kajang,Bandar Tasek Selatan,8622,2.9831,101.7903,3.0761,101.7114
Kajang,Bangi,21723,2.9831,101.7903,2.9029,101.7867
Kajang,Bank Negara,433,2.9831,101.7903,3.1547,101.6931
Kajang,Batang Kali,38,2.9831,101.7903,3.4674,101.6394
Kajang,Batu Caves,5110,2.9831,101.7903,3.2379,101.6933
Kajang,Batu Kentonmen,12,2.9831,101.7903,3.1936,101.6803
Kajang,KL Sentral,3342,2.9831,101.7903,3.1344,101.6861
Kajang,Kajang,906,2.9831,101.7903,2.9831,101.7903
Kajang,Kampung Batu,71,2.9831,101.7903,3.2025,101.6681
Kajang,Kepong Sentral,1,2.9831,101.7903,3.2014,101.6291
Kajang,Klang,156,2.9831,101.7903,3.0426,101.4496
Kajang,Kuala Lumpur,240,2.9831,101.7903,3.1397,101.6938
Kajang,Midvalley,10727,2.9831,101.7903,3.1189,101.6789
Kajang,Nilai,16302,2.9831,101.7903,2.8123,101.7901
Kajang,Padang Jawa,20,2.9831,101.7903,3.0487,101.4907
Kajang,Rawang,198,2.9831,101.7903,3.3192,101.5746
Kajang,Serdang,1974,2.9831,101.7903,3.0236,101.7144
Kajang,Seremban,27934,2.9831,101.7903,2.7186,101.9394
Kajang,Shah Alam,78,2.9831,101.7903,3.0564,101.5278
Kajang,Subang Jaya,17,2.9831,101.7903,3.0822,101.5858
Kajang,Sungai Buloh,30,2.9831,101.7903,3.2064,101.5814
Kajang,Taman Wahyu,226,2.9831,101.7903,3.2144,101.6725
Kajang,Tanjong Malim,219,2.9831,101.7903,3.6828,101.5218
Kampung Batu,Bandar Tasek Selatan,241,3.2025,101.6681,3.0761,101.7114
Kampung Batu,Bangi,164,3.2025,101.6681,2.9029,101.7867
Kampung Batu,Bank Negara,615,3.2025,101.6681,3.1547,101.6931
Kampung Batu,Batang Kali,8,3.2025,101.6681,3.4674,101.6394
Kampung Batu,Batu Caves,30140,3.2025,101.6681,3.2379,101.6933
Kampung Batu,Batu Kentonmen,193,3.2025,101.6681,3.1936,101.6803
Kampung Batu,KL Sentral,6886,3.2025,101.6681,3.1344,101.6861
Kampung Batu,Kajang,117,3.2025,101.6681,2.9831,101.7903
Kampung Batu,Kampung Batu,72,3.2025,101.6681,3.2025,101.6681
Kampung Batu,Kepong Sentral,16,3.2025,101.6681,3.2014,101.6291
Kampung Batu,Klang,70,3.2025,101.6681,3.0426,101.4496
Kampung Batu,Kuala Lumpur,1829,3.2025,101.6681,3.1397,101.6938
Kampung Batu,Midvalley,3729,3.2025,101.6681,3.1189,101.6789
Kampung Batu,Nilai,426,3.2025,101.6681,2.8123,101.7901
Kampung Batu,Padang Jawa,15,3.2025,101.6681,3.0487,101.4907
Kampung Batu,Rawang,28,3.2025,101.6681,3.3192,101.5746
Kampung Batu,Serdang,97,3.2025,101.6681,3.0236,101.7144
Kampung Batu,Seremban,1510,3.2025,101.6681,2.7186,101.9394
Kampung Batu,Shah Alam,42,3.2025,101.6681,3.0564,101.5278
Kampung Batu,Subang Jaya,5,3.2025,101.6681,3.0822,101.5858
Kampung Batu,Sungai Buloh,20,3.2025,101.6681,3.2064,101.5814
Kampung Batu,Taman Wahyu,2440,3.2025,101.6681,3.2144,101.6725
Kampung Batu,Tanjong Malim,42,3.2025,101.6681,3.6828,101.5218
Kepong Sentral,Bandar Tasek Selatan,43,3.2014,101.6291,3.0761,101.7114
Kepong Sentral,Bangi,8,3.2014,101.6291,2.9029,101.7867
Kepong Sentral,Bank Negara,1535,3.2014,101.6291,3.1547,101.6931
Kepong Sentral,Batang Kali,1065,3.2014,101.6291,3.4674,101.6394
Kepong Sentral,Batu Caves,80,3.2014,101.6291,3.2379,101.6933
Kepong Sentral,KL Sentral,12994,3.2014,101.6291,3.1344,101.6861
Kepong Sentral,Kajang,12,3.2014,101.6291,2.9831,101.7903
Kepong Sentral,Kampung Batu,8,3.2014,101.6291,3.2025,101.6681
Kepong Sentral,Kepong Sentral,49,3.2014,101.6291,3.2014,101.6291
Kepong Sentral,Klang,187,3.2014,101.6291,3.0426,101.4496
Kepong Sentral,Kuala Lumpur,2701,3.2014,101.6291,3.1397,101.6938
Kepong Sentral,Midvalley,177,3.2014,101.6291,3.1189,101.6789
Kepong Sentral,Nilai,22,3.2014,101.6291,2.8123,101.7901
Kepong Sentral,Padang Jawa,44,3.2014,101.6291,3.0487,101.4907
Kepong Sentral,Rawang,3606,3.2014,101.6291,3.3192,101.5746
Kepong Sentral,Serdang,47,3.2014,101.6291,3.0236,101.7144
Kepong Sentral,Seremban,135,3.2014,101.6291,2.7186,101.9394
Kepong Sentral,Shah Alam,135,3.2014,101.6291,3.0564,101.5278
Kepong Sentral,Subang Jaya,302,3.2014,101.6291,3.0822,101.5858
Kepong Sentral,Sungai Buloh,225,3.2014,101.6291,3.2064,101.5814
Kepong Sentral,Taman Wahyu,6,3.2014,101.6291,3.2144,101.6725
Kepong Sentral,Tanjong Malim,2077,3.2014,101.6291,3.6828,101.5218
Klang,Bandar Tasek Selatan,144,3.0426,101.4496,3.0761,101.7114
Klang,Bangi,49,3.0426,101.4496,2.9029,101.7867
Klang,Bank Negara,655,3.0426,101.4496,3.1547,101.6931
Klang,Batang Kali,119,3.0426,101.4496,3.4674,101.6394
Klang,Batu Caves,5320,3.0426,101.4496,3.2379,101.6933
Klang,Batu Kentonmen,13,3.0426,101.4496,3.1936,101.6803
Klang,KL Sentral,19966,3.0426,101.4496,3.1344,101.6861
Klang,Kajang,104,3.0426,101.4496,2.9831,101.7903
Klang,Kampung Batu,37,3.0426,101.4496,3.2025,101.6681
Klang,Kepong Sentral,187,3.0426,101.4496,3.2014,101.6291
Klang,Klang,88,3.0426,101.4496,3.0426,101.4496
Klang,Kuala Lumpur,1215,3.0426,101.4496,3.1397,101.6938
Klang,Midvalley,64,3.0426,101.4496,3.1189,101.6789
Klang,Nilai,65,3.0426,101.4496,2.8123,101.7901
Klang,Padang Jawa,491,3.0426,101.4496,3.0487,101.4907
Klang,Rawang,340,3.0426,101.4496,3.3192,101.5746
Klang,Serdang,66,3.0426,101.4496,3.0236,101.7144
Klang,Seremban,190,3.0426,101.4496,2.7186,101.9394
Klang,Shah Alam,1606,3.0426,101.4496,3.0564,101.5278
Klang,Subang Jaya,30070,3.0426,101.4496,3.0822,101.5858
Klang,Sungai Buloh,199,3.0426,101.4496,3.2064,101.5814
Klang,Taman Wahyu,33,3.0426,101.4496,3.2144,101.6725
Klang,Tanjong Malim,611,3.0426,101.4496,3.6828,101.5218
Kuala Lumpur,Bandar Tasek Selatan,701,3.1397,101.6938,3.0761,101.7114
Kuala Lumpur,Bangi,3797,3.1397,101.6938,2.9029,101.7867
Kuala Lumpur,Bank Negara,1366,3.1397,101.6938,3.1547,101.6931
Kuala Lumpur,Batang Kali,3190,3.1397,101.6938,3.4674,101.6394
Kuala Lumpur,Batu Caves,21175,3.1397,101.6938,3.2379,101.6933
Kuala Lumpur,Batu Kentonmen,639,3.1397,101.6938,3.1936,101.6803
Kuala Lumpur,KL Sentral,5826,3.1397,101.6938,3.1344,101.6861
Kuala Lumpur,Kajang,674,3.1397,101.6938,2.9831,101.7903
Kuala Lumpur,Kampung Batu,1598,3.1397,101.6938,3.2025,101.6681
Kuala Lumpur,Kepong Sentral,1735,3.1397,101.6938,3.2014,101.6291
Kuala Lumpur,Klang,2085,3.1397,101.6938,3.0426,101.4496
Kuala Lumpur,Kuala Lumpur,514,3.1397,101.6938,3.1397,101.6938
Kuala Lumpur,Midvalley,1035,3.1397,101.6938,3.1189,101.6789
Kuala Lumpur,Nilai,2987,3.1397,101.6938,2.8123,101.7901
Kuala Lumpur,Padang Jawa,497,3.1397,101.6938,3.0487,101.4907
Kuala Lumpur,Rawang,7346,3.1397,101.6938,3.3192,101.5746
Kuala Lumpur,Serdang,715,3.1397,101.6938,3.0236,101.7144
Kuala Lumpur,Seremban,4188,3.1397,101.6938,2.7186,101.9394
Kuala Lumpur,Shah Alam,1518,3.1397,101.6938,3.0564,101.5278
Kuala Lumpur,Subang Jaya,148,3.1397,101.6938,3.0822,101.5858
Kuala Lumpur,Sungai Buloh,858,3.1397,101.6938,3.2064,101.5814
Kuala Lumpur,Taman Wahyu,1239,3.1397,101.6938,3.2144,101.6725
Kuala Lumpur,Tanjong Malim,5581,3.1397,101.6938,3.6828,101.5218
Midvalley,Bandar Tasek Selatan,15025,3.1189,101.6789,3.0761,101.7114
Midvalley,Bangi,5147,3.1189,101.6789,2.9029,101.7867
Midvalley,Bank Negara,557,3.1189,101.6789,3.1547,101.6931
Midvalley,Batang Kali,61,3.1189,101.6789,3.4674,101.6394
Midvalley,Batu Caves,3348,3.1189,101.6789,3.2379,101.6933
Midvalley,Batu Kentonmen,402,3.1189,101.6789,3.1936,101.6803
Midvalley,KL Sentral,9200,3.1189,101.6789,3.1344,101.6861
Midvalley,Kajang,10501,3.1189,101.6789,2.9831,101.7903
Midvalley,Kampung Batu,2644,3.1189,101.6789,3.2025,101.6681
Midvalley,Kepong Sentral,96,3.1189,101.6789,3.2014,101.6291
Midvalley,Klang,60,3.1189,101.6789,3.0426,101.4496
Midvalley,Kuala Lumpur,493,3.1189,101.6789,3.1397,101.6938
Midvalley,Midvalley,202,3.1189,101.6789,3.1189,101.6789
Midvalley,Nilai,4415,3.1189,101.6789,2.8123,101.7901
Midvalley,Padang Jawa,18,3.1189,101.6789,3.0487,101.4907
Midvalley,Rawang,277,3.1189,101.6789,3.3192,101.5746
Midvalley,Serdang,10711,3.1189,101.6789,3.0236,101.7144
Midvalley,Seremban,10024,3.1189,101.6789,2.7186,101.9394
Midvalley,Shah Alam,16,3.1189,101.6789,3.0564,101.5278
Midvalley,Subang Jaya,16,3.1189,101.6789,3.0822,101.5858
Midvalley,Sungai Buloh,53,3.1189,101.6789,3.2064,101.5814
Midvalley,Taman Wahyu,2510,3.1189,101.6789,3.2144,101.6725
Midvalley,Tanjong Malim,125,3.1189,101.6789,3.6828,101.5218
Nilai,Bandar Tasek Selatan,9243,2.8123,101.7901,3.0761,101.7114
Nilai,Bangi,699,2.8123,101.7901,2.9029,101.7867
Nilai,Bank Negara,1443,2.8123,101.7901,3.1547,101.6931
Nilai,Batang Kali,65,2.8123,101.7901,3.4674,101.6394
Nilai,Batu Caves,3573,2.8123,101.7901,3.2379,101.6933
Nilai,Batu Kentonmen,72,2.8123,101.7901,3.1936,101.6803
Nilai,KL Sentral,19180,2.8123,101.7901,3.1344,101.6861
Nilai,Kajang,20047,2.8123,101.7901,2.9831,101.7903
Nilai,Kampung Batu,328,2.8123,101.7901,3.2025,101.6681
Nilai,Kepong Sentral,25,2.8123,101.7901,3.2014,101.6291
Nilai,Klang,127,2.8123,101.7901,3.0426,101.4496
Nilai,Kuala Lumpur,1849,2.8123,101.7901,3.1397,101.6938
Nilai,Midvalley,4641,2.8123,101.7901,3.1189,101.6789
Nilai,Nilai,324,2.8123,101.7901,2.8123,101.7901
Nilai,Padang Jawa,35,2.8123,101.7901,3.0487,101.4907
Nilai,Rawang,226,2.8123,101.7901,3.3192,101.5746
Nilai,Serdang,1126,2.8123,101.7901,3.0236,101.7144
Nilai,Seremban,7411,2.8123,101.7901,2.7186,101.9394
Nilai,Shah Alam,112,2.8123,101.7901,3.0564,101.5278
Nilai,Subang Jaya,18,2.8123,101.7901,3.0822,101.5858
Nilai,Sungai Buloh,126,2.8123,101.7901,3.2064,101.5814
Nilai,Taman Wahyu,139,2.8123,101.7901,3.2144,101.6725
Nilai,Tanjong Malim,211,2.8123,101.7901,3.6828,101.5218
Padang Jawa,Bandar Tasek Selatan,52,3.0487,101.4907,3.0761,101.7114
Padang Jawa,Bangi,26,3.0487,101.4907,2.9029,101.7867
Padang Jawa,Bank Negara,579,3.0487,101.4907,3.1547,101.6931
Padang Jawa,Batang Kali,121,3.0487,101.4907,3.4674,101.6394
Padang Jawa,Batu Caves,324,3.0487,101.4907,3.2379,101.6933
Padang Jawa,Batu Kentonmen,1,3.0487,101.4907,3.1936,101.6803
Padang Jawa,KL Sentral,7513,3.0487,101.4907,3.1344,101.6861
Padang Jawa,Kajang,35,3.0487,101.4907,2.9831,101.7903
Padang Jawa,Kampung Batu,9,3.0487,101.4907,3.2025,101.6681
Padang Jawa,Kepong Sentral,59,3.0487,101.4907,3.2014,101.6291
Padang Jawa,Klang,506,3.0487,101.4907,3.0426,101.4496
Padang Jawa,Kuala Lumpur,335,3.0487,101.4907,3.1397,101.6938
Padang Jawa,Midvalley,14,3.0487,101.4907,3.1189,101.6789
Padang Jawa,Nilai,28,3.0487,101.4907,2.8123,101.7901
Padang Jawa,Padang Jawa,28,3.0487,101.4907,3.0487,101.4907
Padang Jawa,Rawang,124,3.0487,101.4907,3.3192,101.5746
Padang Jawa,Serdang,23,3.0487,101.4907,3.0236,101.7144
Padang Jawa,Seremban,86,3.0487,101.4907,2.7186,101.9394
Padang Jawa,Shah Alam,682,3.0487,101.4907,3.0564,101.5278
Padang Jawa,Subang Jaya,9999,3.0487,101.4907,3.0822,101.5858
Padang Jawa,Sungai Buloh,139,3.0487,101.4907,3.2064,101.5814
Padang Jawa,Taman Wahyu,8,3.0487,101.4907,3.2144,101.6725
Padang Jawa,Tanjong Malim,363,3.0487,101.4907,3.6828,101.5218
Rawang,Bandar Tasek Selatan,743,3.3192,101.5746,3.0761,101.7114
Rawang,Bangi,122,3.3192,101.5746,2.9029,101.7867
Rawang,Bank Negara,9967,3.3192,101.5746,3.1547,101.6931
Rawang,Batang Kali,4194,3.3192,101.5746,3.4674,101.6394
Rawang,Batu Caves,1040,3.3192,101.5746,3.2379,101.6933
Rawang,Batu Kentonmen,8,3.3192,101.5746,3.1936,101.6803
Rawang,KL Sentral,43911,3.3192,101.5746,3.1344,101.6861
Rawang,Kajang,169,3.3192,101.5746,2.9831,101.7903
Rawang,Kampung Batu,17,3.3192,101.5746,3.2025,101.6681
Rawang,Kepong Sentral,2272,3.3192,101.5746,3.2014,101.6291
Rawang,Klang,400,3.3192,101.5746,3.0426,101.4496
Rawang,Kuala Lumpur,7978,3.3192,101.5746,3.1397,101.6938
Rawang,Midvalley,789,3.3192,101.5746,3.1189,101.6789
Rawang,Nilai,186,3.3192,101.5746,2.8123,101.7901
Rawang,Padang Jawa,139,3.3192,101.5746,3.0487,101.4907
Rawang,Rawang,114,3.3192,101.5746,3.3192,101.5746
Rawang,Serdang,101,3.3192,101.5746,3.0236,101.7144
Rawang,Seremban,452,3.3192,101.5746,2.7186,101.9394
Rawang,Shah Alam,322,3.3192,101.5746,3.0564,101.5278
Rawang,Subang Jaya,228,3.3192,101.5746,3.0822,101.5858
Rawang,Sungai Buloh,52984,3.3192,101.5746,3.2064,101.5814
Rawang,Taman Wahyu,78,3.3192,101.5746,3.2144,101.6725
Rawang,Tanjong Malim,5318,3.3192,101.5746,3.6828,101.5218
Serdang,Bandar Tasek Selatan,2817,3.0236,101.7144,3.0761,101.7114
Serdang,Bangi,708,3.0236,101.7144,2.9029,101.7867
Serdang,Bank Negara,520,3.0236,101.7144,3.1547,101.6931
Serdang,Batang Kali,73,3.0236,101.7144,3.4674,101.6394
Serdang,Batu Caves,3093,3.0236,101.7144,3.2379,101.6933
Serdang,Batu Kentonmen,7,3.0236,101.7144,3.1936,101.6803
Serdang,KL Sentral,9103,3.0236,101.7144,3.1344,101.6861
Serdang,Kajang,2403,3.0236,101.7144,2.9831,101.7903
Serdang,Kampung Batu,60,3.0236,101.7144,3.2025,101.6681
Serdang,Kepong Sentral,24,3.0236,101.7144,3.2014,101.6291
Serdang,Klang,79,3.0236,101.7144,3.0426,101.4496
Serdang,Kuala Lumpur,724,3.0236,101.7144,3.1397,101.6938
Serdang,Midvalley,11720,3.0236,101.7144,3.1189,101.6789
Serdang,Nilai,1270,3.0236,101.7144,2.8123,101.7901
Serdang,Padang Jawa,13,3.0236,101.7144,3.0487,101.4907
Serdang,Rawang,158,3.0236,101.7144,3.3192,101.5746
Serdang,Serdang,174,3.0236,101.7144,3.0236,101.7144
Serdang,Seremban,5116,3.0236,101.7144,2.7186,101.9394
Serdang,Shah Alam,40,3.0236,101.7144,3.0564,101.5278
Serdang,Subang Jaya,6,3.0236,101.7144,3.0822,101.5858
Serdang,Sungai Buloh,26,3.0236,101.7144,3.2064,101.5814
Serdang,Taman Wahyu,84,3.0236,101.7144,3.2144,101.6725
Serdang,Tanjong Malim,134,3.0236,101.7144,3.6828,101.5218
Seremban,Bandar Tasek Selatan,15155,2.7186,101.9394,3.0761,101.7114
Seremban,Bangi,2344,2.7186,101.9394,2.9029,101.7867
Seremban,Bank Negara,2008,2.7186,101.9394,3.1547,101.6931
Seremban,Batang Kali,98,2.7186,101.9394,3.4674,101.6394
Seremban,Batu Caves,6218,2.7186,101.9394,3.2379,101.6933
Seremban,Batu Kentonmen,151,2.7186,101.9394,3.1936,101.6803
Seremban,KL Sentral,42492,2.7186,101.9394,3.1344,101.6861
Seremban,Kajang,36989,2.7186,101.9394,2.9831,101.7903
Seremban,Kampung Batu,793,2.7186,101.9394,3.2025,101.6681
Seremban,Kepong Sentral,92,2.7186,101.9394,3.2014,101.6291
Seremban,Klang,437,2.7186,101.9394,3.0426,101.4496
Seremban,Kuala Lumpur,1688,2.7186,101.9394,3.1397,101.6938
Seremban,Midvalley,10438,2.7186,101.9394,3.1189,101.6789
Seremban,Nilai,7522,2.7186,101.9394,2.8123,101.7901
Seremban,Padang Jawa,122,2.7186,101.9394,3.0487,101.4907
Seremban,Rawang,468,2.7186,101.9394,3.3192,101.5746
Seremban,Serdang,4252,2.7186,101.9394,3.0236,101.7144
Seremban,Seremban,425,2.7186,101.9394,2.7186,101.9394
Seremban,Shah Alam,244,2.7186,101.9394,3.0564,101.5278
Seremban,Subang Jaya,69,2.7186,101.9394,3.0822,101.5858
Seremban,Sungai Buloh,420,2.7186,101.9394,3.2064,101.5814
Seremban,Taman Wahyu,404,2.7186,101.9394,3.2144,101.6725
Seremban,Tanjong Malim,468,2.7186,101.9394,3.6828,101.5218
Shah Alam,Bandar Tasek Selatan,84,3.0564,101.5278,3.0761,101.7114
Shah Alam,Bangi,98,3.0564,101.5278,2.9029,101.7867
Shah Alam,Bank Negara,1108,3.0564,101.5278,3.1547,101.6931
Shah Alam,Batang Kali,171,3.0564,101.5278,3.4674,101.6394
Shah Alam,Batu Caves,1396,3.0564,101.5278,3.2379,101.6933
Shah Alam,Batu Kentonmen,11,3.0564,101.5278,3.1936,101.6803
Shah Alam,KL Sentral,15853,3.0564,101.5278,3.1344,101.6861
Shah Alam,Kajang,67,3.0564,101.5278,2.9831,101.7903
Shah Alam,Kampung Batu,34,3.0564,101.5278,3.2025,101.6681
Shah Alam,Kepong Sentral,157,3.0564,101.5278,3.2014,101.6291
Shah Alam,Klang,1271,3.0564,101.5278,3.0426,101.4496
Shah Alam,Kuala Lumpur,1111,3.0564,101.5278,3.1397,101.6938
Shah Alam,Midvalley,38,3.0564,101.5278,3.1189,101.6789
Shah Alam,Nilai,51,3.0564,101.5278,2.8123,101.7901
Shah Alam,Padang Jawa,338,3.0564,101.5278,3.0487,101.4907
Shah Alam,Rawang,312,3.0564,101.5278,3.3192,101.5746
Shah Alam,Serdang,17,3.0564,101.5278,3.0236,101.7144
Shah Alam,Seremban,135,3.0564,101.5278,2.7186,101.9394
Shah Alam,Shah Alam,42,3.0564,101.5278,3.0564,101.5278
Shah Alam,Subang Jaya,20046,3.0564,101.5278,3.0822,101.5858
Shah Alam,Sungai Buloh,200,3.0564,101.5278,3.2064,101.5814
Shah Alam,Taman Wahyu,60,3.0564,101.5278,3.2144,101.6725
Shah Alam,Tanjong Malim,634,3.0564,101.5278,3.6828,101.5218
Subang Jaya,Bandar Tasek Selatan,15,3.0822,101.5858,3.0761,101.7114
Subang Jaya,Bangi,16,3.0822,101.5858,2.9029,101.7867
Subang Jaya,Bank Negara,150,3.0822,101.5858,3.1547,101.6931
Subang Jaya,Batang Kali,80,3.0822,101.5858,3.4674,101.6394
Subang Jaya,Batu Caves,629,3.0822,101.5858,3.2379,101.6933
Subang Jaya,KL Sentral,788,3.0822,101.5858,3.1344,101.6861
Subang Jaya,Kajang,18,3.0822,101.5858,2.9831,101.7903
Subang Jaya,Kampung Batu,3,3.0822,101.5858,3.2025,101.6681
Subang Jaya,Kepong Sentral,335,3.0822,101.5858,3.2014,101.6291
Subang Jaya,Klang,32392,3.0822,101.5858,3.0426,101.4496
Subang Jaya,Kuala Lumpur,96,3.0822,101.5858,3.1397,101.6938
Subang Jaya,Midvalley,6,3.0822,101.5858,3.1189,101.6789
Subang Jaya,Nilai,9,3.0822,101.5858,2.8123,101.7901
Subang Jaya,Padang Jawa,10929,3.0822,101.5858,3.0487,101.4907
Subang Jaya,Rawang,442,3.0822,101.5858,3.3192,101.5746
Subang Jaya,Serdang,3,3.0822,101.5858,3.0236,101.7144
Subang Jaya,Seremban,34,3.0822,101.5858,2.7186,101.9394
Subang Jaya,Shah Alam,24852,3.0822,101.5858,3.0564,101.5278
Subang Jaya,Subang Jaya,194,3.0822,101.5858,3.0822,101.5858
Subang Jaya,Sungai Buloh,96,3.0822,101.5858,3.2064,101.5814
Subang Jaya,Taman Wahyu,17,3.0822,101.5858,3.2144,101.6725
Subang Jaya,Tanjong Malim,279,3.0822,101.5858,3.6828,101.5218
Sungai Buloh,Bandar Tasek Selatan,170,3.2064,101.5814,3.0761,101.7114
Sungai Buloh,Bangi,54,3.2064,101.5814,2.9029,101.7867
Sungai Buloh,Bank Negara,3073,3.2064,101.5814,3.1547,101.6931
Sungai Buloh,Batang Kali,14143,3.2064,101.5814,3.4674,101.6394
Sungai Buloh,Batu Caves,449,3.2064,101.5814,3.2379,101.6933
Sungai Buloh,Batu Kentonmen,6,3.2064,101.5814,3.1936,101.6803
Sungai Buloh,KL Sentral,5684,3.2064,101.5814,3.1344,101.6861
Sungai Buloh,Kajang,39,3.2064,101.5814,2.9831,101.7903
Sungai Buloh,Kampung Batu,12,3.2064,101.5814,3.2025,101.6681
Sungai Buloh,Kepong Sentral,134,3.2064,101.5814,3.2014,101.6291
Sungai Buloh,Klang,358,3.2064,101.5814,3.0426,101.4496
Sungai Buloh,Kuala Lumpur,693,3.2064,101.5814,3.1397,101.6938
Sungai Buloh,Midvalley,209,3.2064,101.5814,3.1189,101.6789
Sungai Buloh,Nilai,179,3.2064,101.5814,2.8123,101.7901
Sungai Buloh,Padang Jawa,172,3.2064,101.5814,3.0487,101.4907
Sungai Buloh,Rawang,51637,3.2064,101.5814,3.3192,101.5746
Sungai Buloh,Serdang,42,3.2064,101.5814,3.0236,101.7144
Sungai Buloh,Seremban,425,3.2064,101.5814,2.7186,101.9394
Sungai Buloh,Shah Alam,413,3.2064,101.5814,3.0564,101.5278
Sungai Buloh,Subang Jaya,60,3.2064,101.5814,3.0822,101.5858
Sungai Buloh,Sungai Buloh,256,3.2064,101.5814,3.2064,101.5814
Sungai Buloh,Taman Wahyu,6,3.2064,101.5814,3.2144,101.6725
Sungai Buloh,Tanjong Malim,18737,3.2064,101.5814,3.6828,101.5218
Taman Wahyu,Bandar Tasek Selatan,450,3.2144,101.6725,3.0761,101.7114
Taman Wahyu,Bangi,185,3.2144,101.6725,2.9029,101.7867
Taman Wahyu,Bank Negara,2095,3.2144,101.6725,3.1547,101.6931
Taman Wahyu,Batang Kali,14,3.2144,101.6725,3.4674,101.6394
Taman Wahyu,Batu Caves,4425,3.2144,101.6725,3.2379,101.6933
Taman Wahyu,Batu Kentonmen,122,3.2144,101.6725,3.1936,101.6803
Taman Wahyu,KL Sentral,10428,3.2144,101.6725,3.1344,101.6861
Taman Wahyu,Kajang,240,3.2144,101.6725,2.9831,101.7903
Taman Wahyu,Kampung Batu,3473,3.2144,101.6725,3.2025,101.6681
Taman Wahyu,Kepong Sentral,3,3.2144,101.6725,3.2014,101.6291
Taman Wahyu,Klang,45,3.2144,101.6725,3.0426,101.4496
Taman Wahyu,Kuala Lumpur,1803,3.2144,101.6725,3.1397,101.6938
Taman Wahyu,Midvalley,3618,3.2144,101.6725,3.1189,101.6789
Taman Wahyu,Nilai,183,3.2144,101.6725,2.8123,101.7901
Taman Wahyu,Padang Jawa,6,3.2144,101.6725,3.0487,101.4907
Taman Wahyu,Rawang,68,3.2144,101.6725,3.3192,101.5746
Taman Wahyu,Serdang,96,3.2144,101.6725,3.0236,101.7144
Taman Wahyu,Seremban,472,3.2144,101.6725,2.7186,101.9394
Taman Wahyu,Shah Alam,72,3.2144,101.6725,3.0564,101.5278
Taman Wahyu,Subang Jaya,11,3.2144,101.6725,3.0822,101.5858
Taman Wahyu,Sungai Buloh,12,3.2144,101.6725,3.2064,101.5814
Taman Wahyu,Taman Wahyu,28,3.2144,101.6725,3.2144,101.6725
Taman Wahyu,Tanjong Malim,20,3.2144,101.6725,3.6828,101.5218
Tanjong Malim,Bandar Tasek Selatan,951,3.6828,101.5218,3.0761,101.7114
Tanjong Malim,Bangi,124,3.6828,101.5218,2.9029,101.7867
Tanjong Malim,Bank Negara,3987,3.6828,101.5218,3.1547,101.6931
Tanjong Malim,Batang Kali,1598,3.6828,101.5218,3.4674,101.6394
Tanjong Malim,Batu Caves,681,3.6828,101.5218,3.2379,101.6933
Tanjong Malim,Batu Kentonmen,10,3.6828,101.5218,3.1936,101.6803
Tanjong Malim,KL Sentral,50975,3.6828,101.5218,3.1344,101.6861
Tanjong Malim,Kajang,260,3.6828,101.5218,2.9831,101.7903
Tanjong Malim,Kampung Batu,34,3.6828,101.5218,3.2025,101.6681
Tanjong Malim,Kepong Sentral,1998,3.6828,101.5218,3.2014,101.6291
Tanjong Malim,Klang,771,3.6828,101.5218,3.0426,101.4496
Tanjong Malim,Kuala Lumpur,5779,3.6828,101.5218,3.1397,101.6938
Tanjong Malim,Midvalley,200,3.6828,101.5218,3.1189,101.6789
Tanjong Malim,Nilai,184,3.6828,101.5218,2.8123,101.7901
Tanjong Malim,Padang Jawa,394,3.6828,101.5218,3.0487,101.4907
Tanjong Malim,Rawang,5868,3.6828,101.5218,3.3192,101.5746
Tanjong Malim,Serdang,122,3.6828,101.5218,3.0236,101.7144
Tanjong Malim,Seremban,503,3.6828,101.5218,2.7186,101.9394
Tanjong Malim,Shah Alam,895,3.6828,101.5218,3.0564,101.5278
Tanjong Malim,Subang Jaya,281,3.6828,101.5218,3.0822,101.5858
Tanjong Malim,Sungai Buloh,21053,3.6828,101.5218,3.2064,101.5814
Tanjong Malim,Taman Wahyu,17,3.6828,101.5218,3.2144,101.6725
Tanjong Malim,Tanjong Malim,118,3.6828,101.5218,3.6828,101.5218
